{"cameraMode":{"drawMode":0,"name":"Shaded","section":"Shading Mode"},"sceneLighting":false,"audioPlay":false,"sceneViewState":{"showFog":true,"showMaterialUpdate":false,"showSkybox":false,"showFlares":true,"showImageEffects":true,"showParticleSystems":true},"in2DMode":false,"pivot":{"x":18.5096492767334,"y":7.030000686645508,"z":-23.252334594726564},"rotation":{"x":-0.3246326148509979,"y":-0.34172505140304568,"z":0.12711088359355927,"w":-0.8727437257766724},"size":4.041658878326416,"orthographic":false}