{"count":1,"gauges":{"RobotBrain.CumulativeReward":{"count":20,"max":1,"min":1,"value":1,"weightedAverage":1}},"self":22.3781616,"total":22.7088848,"children":{"AgentSendState":{"count":1110,"self":0.019764999999999998,"total":0.026723,"children":{"CollectObservations":{"count":222,"self":0.0059838,"total":0.0059838,"children":null},"CollectDiscreteActionMasks":{"count":222,"self":0.00097419999999999994,"total":0.00097419999999999994,"children":null}}},"DecideAction":{"count":1110,"self":0.2890405,"total":0.2890405,"children":null},"AgentAct":{"count":1110,"self":0.013962599999999999,"total":0.013962599999999999,"children":null}}}